{
  "diseases": [
    {
      "id": 1,
      "name": "Tomato__Early_blight",
      "crop": "Tomato",
      "cause": "Fungal infection caused by Alternaria solani. This fungus thrives in warm (65-85°F), wet conditions. It primarily spreads through spores in water droplets, soil, and infected plant debris. The fungus overwinters in soil and infected plant material. Most common in mid-to-late summer when humidity is high.",
      "treatment": "Chemical fungicides: Apply Chlorothalonil, Mancozeb, or Copper sulfate every 7-10 days starting from bottom leaves. Remove all infected leaves immediately and dispose in sealed bags. Improve air circulation by pruning lower branches. Water only at soil level to prevent leaf wetness. In severe cases, remove entire lower third of plant.",
      "organic_alternative": "Neem oil spray (5% solution) every 7-10 days. Bacillus subtilis-based bioprotectants. Copper fungicide dust or Sulfur powder. Potassium bicarbonate spray. Bacillus-based biological fungicide applied weekly. Mix: 1 tbsp baking soda + 1 tbsp horticultural oil per gallon water.",
      "prevention": "Mulch soil to prevent spore splash. Space plants 24-36 inches apart for airflow. Remove lower leaves (up to 12 inches from soil) as preventive measure. Use drip irrigation, avoid overhead watering. Rotate crops yearly. Sterilize tools between plants. Remove infected plant debris immediately.",
      "confidence_threshold": 0.75,
      "symptoms": "Brown circular spots with concentric rings on lower leaves, expanding upward. Yellow halo around lesions. Spots eventually become dark and papery. Severe defoliation in advanced stages.",
      "severity": "High - Can cause 30-50% crop loss if untreated",
      "spread_rate": "Fast in wet conditions (1-2 weeks)"
    },
    {
      "id": 2,
      "name": "Tomato__Late_blight",
      "crop": "Tomato",
      "cause": "Caused by water mold Phytophthora infestans (same organism that caused Irish potato famine). Thrives in cool (55-75°F), wet weather with high humidity (90%+). Spreads rapidly through airborne spores and infected plant material. Can survive in potato volunteers and nightshade weeds. Infection occurs when leaves stay wet for 12+ hours.",
      "treatment": "URGENT - Apply Metalaxyl or Chlorothalonil immediately upon detection (do not wait). Spray every 5-7 days in wet conditions. Systemic fungicides penetrate leaf tissue better than contact fungicides. Remove all infected plant parts. In severe infections, consider removing entire plants to prevent spread. Ensure good soil drainage.",
      "organic_alternative": "Copper hydroxide or Copper sulfate spray (1-2% solution). Bacillus-based products with surfactant for better coverage. Bordeaux mixture (1:1:100 ratio) sprayed every 7 days. Potassium phosphite (K-Phite) as systemic alternative. Sulfur dust in dry conditions only.",
      "prevention": "CRITICAL: Avoid overhead watering at all costs. Water at base of plants in early morning. Space plants widely (3 feet) for maximum air circulation. Remove volunteer potatoes near garden. Remove lower leaves as prophylactic measure. Apply fungicide before rain events. Use mulch to prevent spore splash from soil.",
      "confidence_threshold": 0.80,
      "symptoms": "Water-soaked spots on leaves with white mold underneath. Spots rapidly enlarge (1-2 inches in 3-4 days). Brown, watery stem lesions. Can destroy entire plant in 1-2 weeks. White fungal spores on leaf undersides in moist conditions.",
      "severity": "CRITICAL - Can cause 100% crop loss in 7-10 days if untreated",
      "spread_rate": "Very fast in wet conditions (spreads in 24-48 hours)"
    },
    {
      "id": 3,
      "name": "Tomato__Septoria_leaf_spot",
      "crop": "Tomato",
      "cause": "Fungal disease caused by Septoria lycopersici. Spreads through water splash from rain and overhead irrigation. Fungus lives on plant debris and in soil. Optimal conditions: warm (68-75°F) and wet. Spores germinate in 12-18 hours on wet leaves. Can survive on seeds.",
      "treatment": "Apply Chlorothalonil, Mancozeb, or Copper fungicides weekly. Remove infected leaves completely. Disinfect pruning tools with 10% bleach solution between cuts. Avoid working in plants when wet. Space rows adequately for air circulation. Remove lower 8-12 inches of foliage as preventive.",
      "organic_alternative": "Neem oil spray (5% concentration) every 7-10 days. Potassium bicarbonate spray weekly. Bacillus subtilis products biweekly. Sulfur dust (avoid if temperature above 85°F). Horticultural oil mixed with baking soda spray (1 tbsp per gallon).",
      "prevention": "Use drip irrigation exclusively. Mulch heavily to prevent soil splash. Stake plants to keep foliage off ground. Space plants 24-36 inches apart. Sanitize tools before each plant. Remove affected leaves immediately. Practice 3-year crop rotation. Remove plant debris completely after harvest.",
      "confidence_threshold": 0.70,
      "symptoms": "Small circular spots with dark borders and gray centers on lower leaves first. Spots 1/8 to 1/4 inch diameter. Black fruiting bodies visible in center of spots under magnification. Spots have concentric rings. Yellow halo around lesions.",
      "severity": "Medium-High - Can defoliate plants severely by mid-season",
      "spread_rate": "Moderate in wet conditions (spreads over 1-2 weeks)"
    },
    {
      "id": 4,
      "name": "Tomato__Bacterial_speck",
      "crop": "Tomato",
      "cause": "Bacterial infection caused by Pseudomonas syringae. Spreads through water splash from rain, overhead irrigation, and contaminated tools. Bacteria survive on plant debris and in seed. Most problematic in cool (55-75°F), wet weather. Can cause severe damage on seedlings.",
      "treatment": "NO chemical cure available. Remove infected plants entirely (do not compost). Do not handle plants when wet. Sterilize tools with 10% bleach between plants. Use disease-resistant varieties (PS-resistant tomatoes). Improve air circulation. Avoid overhead irrigation. Apply copper fungicide as preventive only (before infection).",
      "organic_alternative": "Copper fungicide as PREVENTIVE (not curative). Bacillus subtilis products may slow progression. Potassium permanganate spray (1 tsp per gallon). Sterilizing with hot water (122°F seeds for 25 minutes). Remove and destroy infected plants entirely.",
      "prevention": "Start with disease-free seeds or seedlings. Do not save seeds from infected plants. Use drip irrigation only. Avoid working in plants when wet (bacteria spread easily). Sanitize tools with 10% bleach. Space plants for good air circulation. Clean greenhouse thoroughly between seasons. Practice 3-4 year crop rotation.",
      "confidence_threshold": 0.70,
      "symptoms": "Tiny (1-2mm) dark brown lesions with yellow halo on leaves, stems, and fruit. Lesions raised and slightly sunken. Very numerous on severely affected leaves. Can defoliate rapidly. On fruit: small brown pits with no halo.",
      "severity": "High - No cure, permanent loss of plant if infected",
      "spread_rate": "Moderate in wet conditions (5-7 days to visible symptoms)"
    },
    {
      "id": 5,
      "name": "Tomato__Powdery_mildew",
      "crop": "Tomato",
      "cause": "Fungal disease caused by Oidiopsis, Erysiphe, or Leveillula species. Unlike other fungal diseases, this fungus PREFERS dry conditions and thrives in warm weather (70-85°F). Spreads through airborne spores (not water). Can occur even with drip irrigation. Most common in late summer.",
      "treatment": "Apply Sulfur dust or Wettable Sulfur spray every 7-10 days. Potassium bicarbonate fungicide (Green Cure, Milstop) biweekly. Horticultural oil spray. Neem oil (less effective than other diseases). Remove heavily infected leaves. Do NOT spray sulfur if temperature above 85°F (can burn leaves). Improve air circulation with pruning.",
      "organic_alternative": "Elemental sulfur dust or spray (most effective). Potassium bicarbonate spray biweekly. Horticultural oil with spreader-sticker. Baking soda spray (1 tbsp per gallon with oil). Neem oil with spreader-sticker. Bacillus subtilis products. Milk spray (1 part milk to 9 parts water).",
      "prevention": "Ensure excellent air circulation by spacing plants 3+ feet apart. Prune lower leaves and interior growth. Avoid high nitrogen fertilizer (promotes succulent growth). Water at soil level only. Avoid crowding. Remove affected leaves immediately. In autumn, remove all plant material. Reduce humidity by not crowding plants.",
      "confidence_threshold": 0.72,
      "symptoms": "White or grayish powdery coating on upper and lower leaf surfaces. Initially on older leaves, spreads upward. Affected leaves eventually turn yellow and drop. Can coat entire plant in severe cases. Coating is easily rubbed off.",
      "severity": "Medium - Weakens plant but rarely fatal",
      "spread_rate": "Slow to moderate in dry conditions"
    },
    {
      "id": 6,
      "name": "Tomato__Yellow_leaf_curl_virus",
      "crop": "Tomato",
      "cause": "Viral disease transmitted exclusively by whitefly (Bemisia tabaci). Virus replicates in whitefly and is transmitted during feeding. Can also spread through contaminated tools. Once plant is infected, virus spreads systemically through plant vascular system. No mechanical spread through water or soil.",
      "treatment": "NO CURE for infected plants. Remove infected plants immediately (burn or dispose, do not compost). Control whiteflies with yellow sticky traps, row covers, and insecticidal soap. Use reflective mulch to confuse whiteflies. Spray neem oil or insecticidal soap weekly to kill whiteflies. Grow disease-free transplants.",
      "organic_alternative": "Whitefly control is key: Yellow sticky traps (place throughout garden). Neem oil spray for whiteflies. Insecticidal soap (repeat every 3-5 days). Row covers on young plants. Reflective aluminum mulch. Spinosad spray for severe infestations. Remove weeds that host whiteflies.",
      "prevention": "PREVENTION CRITICAL - Use resistant varieties when available. Exclude whiteflies with row covers until flowering. Control weeds (whitefly hosts). Isolate tomatoes from other crops. Use disease-free transplants from reputable sources. Scout for whiteflies weekly. Use yellow sticky traps as early warning system.",
      "confidence_threshold": 0.75,
      "symptoms": "Severe leaf curling and yellowing, starting on upper leaves. Leaves curl downward and become thick and brittle. Plant becomes stunted (30-50% smaller). Flower drop and reduced fruit set. Yellow vein patterns may be visible. Whiteflies visible on leaf undersides.",
      "severity": "CRITICAL - Causes severe crop loss, plant becomes unproductive",
      "spread_rate": "Rapid once whiteflies arrive (can infect entire plant in 1-2 weeks)"
    },
    {
      "id": 7,
      "name": "Potato__Early_blight",
      "crop": "Potato",
      "cause": "Fungal disease caused by Alternaria solani. Overwinters in soil and infected plant debris. Spreads via spores in rain splash and wind. Favors warm (65-85°F), wet conditions. Most damaging in mid-to-late season. Can reduce yield 20-50% if untreated.",
      "treatment": "Apply Mancozeb, Chlorothalonil, or Copper fungicides every 7-10 days starting when plants are 6 inches tall. Remove infected foliage immediately. Improve soil drainage. Avoid overhead irrigation. Remove infected plant parts. In severe cases, apply fungicides every 5-7 days during wet weather.",
      "organic_alternative": "Neem oil spray biweekly. Bacillus subtilis products weekly. Sulfur dust (avoid if above 85°F). Copper fungicide spray. Potassium bicarbonate spray every 7-10 days. Bacillus-based biological fungicide.",
      "prevention": "Plant resistant varieties (Kennebec, Russet Norkotah resistant). Use certified seed potatoes. Space rows 36 inches apart for air circulation. Use drip irrigation or soaker hoses. Hill up plants to bury lower leaves. Remove infected leaves immediately. Practice 3-year crop rotation. Remove plant debris after harvest.",
      "confidence_threshold": 0.73,
      "symptoms": "Circular brown spots with concentric rings on lower leaves first. Spots have dark center surrounded by light ring, then dark outer ring. Yellow halo around lesions. Spots 1/4 to 1 inch diameter. Severe defoliation starting from bottom.",
      "severity": "High - Can reduce yield significantly",
      "spread_rate": "Moderate to fast in wet conditions"
    },
    {
      "id": 8,
      "name": "Potato__Late_blight",
      "crop": "Potato",
      "cause": "Most serious potato disease worldwide. Caused by Phytophthora infestans (water mold). Spreads rapidly in cool (55-75°F), wet conditions. Overwinters in infected seed potatoes and potato volunteers. Can destroy entire crop in 7-14 days. Threat is highest in cool, rainy growing seasons.",
      "treatment": "URGENT AND CRITICAL. Apply systemic fungicide (Metalaxyl or Ridomil Gold) immediately upon detection. Spray every 5-7 days during wet weather. Remove all infected plant parts immediately. If disease is widespread, consider destroying entire plant. Remove soil 6 inches above and below plant. Improve soil drainage.",
      "organic_alternative": "Copper hydroxide spray every 5-7 days. Bordeaux mixture (1:1:100) weekly. Potassium phosphite spray biweekly. Bacillus-based products with spreader. Sulfur dust in dry conditions. Ensure excellent coverage including leaf undersides.",
      "prevention": "Use certified disease-free seed potatoes. Avoid planting near volunteer potatoes. Cull potatoes before storage. Space plants 12 inches apart. Use mulch to prevent soil splash. Never use overhead irrigation. Scout for disease weekly. Remove plants showing wilting or rotting. Destroy infected plants before spores form.",
      "confidence_threshold": 0.80,
      "symptoms": "Water-soaked spots on leaves and stems. Dark lesions with white mold underneath on leaf undersides. Spots rapidly enlarge to 1-2 inches in 3-4 days. Entire leaflets blacken and collapse. Stems develop brown lesions that girdle plant. Can destroy entire field in days.",
      "severity": "CRITICAL - Historic crop destroyer",
      "spread_rate": "Extremely fast in wet conditions (24-48 hours)"
    },
    {
      "id": 9,
      "name": "Potato__Leaf_scorch",
      "crop": "Potato",
      "cause": "Physiological and disease-related condition. Can be caused by: (1) Dehydration stress during hot weather, (2) Soil-borne pathogens (Colletotrichum, Alternaria), (3) High fertilizer salt concentration, (4) Poor irrigation management. Usually results from combination of factors.",
      "treatment": "Improve irrigation: provide consistent soil moisture (1-1.5 inches per week). Apply mulch to regulate soil temperature and moisture. If disease-related, apply Mancozeb or Chlorothalonil every 10 days. Remove severely affected leaves. Avoid high nitrogen fertilizer. Check soil pH (aim for 6.0-7.0).",
      "organic_alternative": "Consistent irrigation with mulch is primary solution. Copper fungicide if pathogenic cause suspected. Sulfur dust for fungal component. Ensure good soil drainage. Add compost to improve water-holding capacity. Neem oil if mites are contributing factor.",
      "prevention": "Provide consistent moisture with drip irrigation (1-1.5 inches per week). Apply thick mulch (3-4 inches) to stabilize soil temperature. Maintain soil pH 6.0-7.0. Avoid excessive nitrogen fertilizer. Improve air circulation. Use certified disease-free seed potatoes. Rotate crops yearly.",
      "confidence_threshold": 0.68,
      "symptoms": "Leaf margins turn brown and papery, starting on older leaves. Scorching appears during hot, dry weather or after irrigation lapses. Leaves appear burned along edges. Can progress to complete leaf death. Plant may wilt during hot afternoons.",
      "severity": "Medium - Weakens plant but rarely fatal",
      "spread_rate": "Develops over weeks in response to stress"
    },
    {
      "id": 10,
      "name": "Corn__Northern_leaf_blight",
      "crop": "Corn",
      "cause": "Fungal disease caused by Setosphaeria turcica. Overwinters in corn debris. Spreads through airborne spores under wet conditions (rain/dew) and temperatures 60-75°F. Infection occurs after 12+ hours of leaf wetness. Can cause significant yield loss (10-50% depending on timing and severity).",
      "treatment": "Apply fungicides (Propiconazole, Tebuconazole) at V6 stage and repeat every 10-14 days if conditions favor disease. Remove infected leaves. Improve air circulation by reducing plant density if needed. Remove corn debris after harvest. Scout for disease starting at V6 stage.",
      "organic_alternative": "Sulfur dust spray starting at V6 stage. Neem oil biweekly. Bacillus subtilis products weekly. Copper fungicide spray. Regular scouting and removal of severely infected plants. Sulfur dust most effective if applied preventively.",
      "prevention": "Plant resistant hybrids (look for NLB ratings on seed packages). Practice crop rotation (do not plant corn in same spot consecutively). Remove corn stalks completely after harvest. Space plants appropriately (follow seed spacing recommendations). Avoid high nitrogen fertilizer. Scout weekly from V6 stage onward.",
      "confidence_threshold": 0.72,
      "symptoms": "Long, oval lesions with rounded ends and grayish centers with dark borders (1-6 inches long, 1/2 inch wide). Lesions appear on middle and upper leaves first. Multiple lesions can merge, killing entire leaf. Severe infection can cause kernel abortion.",
      "severity": "High - Can significantly reduce yield if infection occurs before silking",
      "spread_rate": "Moderate to fast in wet conditions"
    },
    {
      "id": 11,
      "name": "Corn__Gray_leaf_spot",
      "crop": "Corn",
      "cause": "Fungal disease caused by Cercospora zeae-maydis. Overwinters in corn debris. Spreads via spores in rain splash. Favors temperatures 72-82°F and wet conditions. More prevalent in continuous corn or corn-on-corn rotations. Can cause significant yield loss (15-40%) if severe.",
      "treatment": "Apply fungicides (Azoxystrobin, Pyraclostrobin) starting at V6-V8 stage and repeat every 7-14 days depending on disease pressure. Plant resistant hybrids. Improve air circulation. Remove corn residue thoroughly. Scout for disease starting at V4 stage.",
      "organic_alternative": "Sulfur dust spray starting at V6 stage. Neem oil biweekly. Bacillus subtilis products. Sulfur most effective if applied preventively before infection. Regular removal of infected leaves. Copper fungicide spray.",
      "prevention": "Rotate crops - do NOT plant corn after corn (break cycle). Plant resistant hybrids (check ratings). Remove corn stalks and debris completely. Space plants per recommendations. Avoid excessive nitrogen. Improve soil drainage. Scout starting at V4 stage.",
      "confidence_threshold": 0.70,
      "symptoms": "Rectangular gray lesions with dark brown borders on leaves (1/4 to 3/4 inch long). Lesions primarily on lower leaves, working upward. Very small lesions initially. Can coalesce into large dead areas. Affected leaves dry and shred.",
      "severity": "High - Yield loss of 15-40% possible if severe",
      "spread_rate": "Moderate in wet conditions"
    },
    {
      "id": 12,
      "name": "Healthy",
      "crop": "All Crops",
      "cause": "Plant is healthy with no disease detected. Normal leaf color, texture, and growth pattern observed. No visible signs of fungal, bacterial, or viral infection.",
      "treatment": "Continue regular maintenance: proper watering, balanced fertilization, weed control, and monitoring for pests or diseases. No treatment needed.",
      "organic_alternative": "Maintain current organic practices. Continue preventive measures like proper spacing, mulching, and sanitation.",
      "prevention": "Continue best practices: crop rotation, certified disease-free seeds, proper spacing, drip irrigation, regular scouting, and removal of infected debris. Maintain plant vigor through proper nutrition and water management.",
      "confidence_threshold": 0.60,
      "symptoms": "Bright green, turgid leaves. Normal growth pattern for crop stage. No spots, lesions, wilting, or discoloration. Leaf texture normal.",
      "severity": "None",
      "spread_rate": "N/A"
    }
  ]
}
